No,ID,Click,"Total Order","Total Commission","Sale Amount",Detail
0,Total,"722,033
","25,871
","412.64K PHP
","16.63M PHP
",
1,russel2312,"286,668","3,465","17,862.33 PHP","792,260.97 PHP",Conversion
2,rrvvmm0x,45,18,"8,620.08 PHP","504,531.47 PHP",Conversion
3,zyrellemacasaet,"3,114",287,"5,903.88 PHP","206,532.83 PHP",Conversion
4,chelle0904,"91,724",833,"4,016.63 PHP","169,149.82 PHP",Conversion
5,budolmarsie,"1,255",125,"3,904.68 PHP","104,536.96 PHP",Conversion
6,thiddengems,"1,520",158,"3,547.04 PHP","85,138.60 PHP",Conversion
7,alainramos,151,65,"3,202.68 PHP","126,483.93 PHP",Conversion
8,jescelgrace,36,54,"2,846.67 PHP","97,152.00 PHP",Conversion
9,michie11,"2,391",101,"2,750.70 PHP","66,700.35 PHP",Conversion
10,kennethh03,43,29,"2,620.73 PHP","80,682.60 PHP",Conversion
11,cathtian,51,35,"2,320.55 PHP","59,739.00 PHP",Conversion
12,tgosingtian,543,57,"2,191.49 PHP","63,688.45 PHP",Conversion
13,darknachi,520,15,"1,950.39 PHP","288,640.16 PHP",Conversion
14,deve2428,537,191,"1,762.18 PHP","84,076.61 PHP",Conversion
15,sychelle,77,26,"1,703.78 PHP","73,743.23 PHP",Conversion
16,yengzdiy,878,251,"1,663.51 PHP","65,275.15 PHP",Conversion
17,irenramirez,"1,387",187,"1,599.60 PHP","49,173.00 PHP",Conversion
18,roseannmercado16,24,31,"1,548.41 PHP","33,920.00 PHP",Conversion
19,grace778,41,10,"1,463.49 PHP","121,202.00 PHP",Conversion
20,renwaldbautista10,"1,204",79,"1,337.23 PHP","265,230.43 PHP",Conversion
21,ktb0503,25,18,"1,324.64 PHP","95,693.69 PHP",Conversion
22,rissylend,91,8,"1,292.62 PHP","69,005.00 PHP",Conversion
23,taraweasley10,145,44,"1,283.98 PHP","36,774.39 PHP",Conversion
24,frezzyopenda,0,1,"1,280.00 PHP","1,600.00 PHP",Conversion
25,abigail28,351,32,"1,181.58 PHP","22,395.15 PHP",Conversion
26,ryan16,"20,496",212,"1,178.23 PHP","37,551.47 PHP",Conversion
27,shangggky,32,6,"1,133.83 PHP","10,079.00 PHP",Conversion
28,jacielibunao,39,18,"1,091.49 PHP","40,683.00 PHP",Conversion
29,jhangcatacutan,96,19,"1,084.93 PHP","46,552.00 PHP",Conversion
30,cristilynp8,130,21,"1,052.88 PHP","40,518.00 PHP",Conversion
31,krissa,30,7,"1,046.63 PHP","19,311.99 PHP",Conversion
32,sonia1596,18,1,"1,042.10 PHP","12,950.00 PHP",Conversion
33,mcgelrai89,42,13,"988.65 PHP","4,330.00 PHP",Conversion
34,jammyllagas,412,117,"960.88 PHP","52,640.00 PHP",Conversion
35,mint30,20,6,"947.31 PHP","10,084.00 PHP",Conversion
36,bhebzy035,53,9,"942.03 PHP","27,174.00 PHP",Conversion
37,nikarose05,104,47,"932.94 PHP","32,769.07 PHP",Conversion
38,cherrylyn,"1,732",152,"884.28 PHP","14,402.12 PHP",Conversion
39,wpvseekers,502,48,"848.68 PHP","26,091.96 PHP",Conversion
40,sherann1,1,1,"839.33 PHP","26,911.00 PHP",Conversion
41,thehandbagtales,46,10,"837.12 PHP","22,662.28 PHP",Conversion
42,edlynsarmiento,54,41,"828.58 PHP","6,660.00 PHP",Conversion
43,shekienjoy,97,6,"799.73 PHP","40,872.00 PHP",Conversion
44,momshjoy,7,1,"796.70 PHP","25,490.00 PHP",Conversion
45,dalusongsarah,111,43,"785.51 PHP","16,350.00 PHP",Conversion
46,ranirezcha,25,10,"779.18 PHP","24,089.00 PHP",Conversion
47,cdelarosa,9,5,"762.94 PHP","14,479.00 PHP",Conversion
48,kathyorejas,100,20,"755.67 PHP","16,096.61 PHP",Conversion
49,jkylljes,512,27,"752.39 PHP","302,943.22 PHP",Conversion
50,ahcmjj,24,10,"726.11 PHP","21,348.00 PHP",Conversion
51,cloydie,627,46,"714.53 PHP","9,936.88 PHP",Conversion
52,pizzapie,4,2,"713.84 PHP","5,798.00 PHP",Conversion
53,mjaneflores,6,4,"677.20 PHP","16,751.00 PHP",Conversion
54,avrylgnxls,"1,339",151,"676.91 PHP","28,013.10 PHP",Conversion
55,momsbestfinds,47,25,"673.07 PHP","19,286.41 PHP",Conversion
56,praiseskypink,6,5,"671.89 PHP","12,604.00 PHP",Conversion
57,ceecruz,983,109,"650.13 PHP","14,533.23 PHP",Conversion
58,anteglads,46,4,"634.43 PHP","16,672.61 PHP",Conversion
59,razelle29,68,20,"629.45 PHP","12,941.00 PHP",Conversion
60,dafranco2396,133,26,"614.94 PHP","12,935.40 PHP",Conversion
61,anggon09,23,13,"613.25 PHP","17,256.05 PHP",Conversion
62,riza023817,22,7,"608.86 PHP","8,143.00 PHP",Conversion
63,swenexxx,11,3,"606.10 PHP","5,612.00 PHP",Conversion
64,ecoangelo,5,4,"605.32 PHP","15,215.00 PHP",Conversion
65,elaineayalin,12,6,"600.15 PHP","15,930.00 PHP",Conversion
66,donnajunetressa,2,2,"597.58 PHP","9,658.00 PHP",Conversion
67,katrina94,8,3,"591.52 PHP","9,061.00 PHP",Conversion
68,rcaffiliate18,9,8,"590.27 PHP","19,881.76 PHP",Conversion
69,magenda11,36,7,"585.33 PHP","10,666.00 PHP",Conversion
70,budolfinds4us,45,16,"582.98 PHP","11,074.00 PHP",Conversion
71,caecostosa25,15,5,"572.70 PHP","17,592.00 PHP",Conversion
72,dorriestagal,12,10,"568.08 PHP","10,760.27 PHP",Conversion
73,leniecanete,17,7,"562.43 PHP","9,999.00 PHP",Conversion
74,mimiver2080,84,19,"559.35 PHP","14,966.30 PHP",Conversion
75,vashlingan28,38,22,"554.48 PHP","14,750.00 PHP",Conversion
76,lheinase23,63,19,"548.88 PHP","5,642.28 PHP",Conversion
77,lykamarasigan,25,13,"546.16 PHP","19,076.00 PHP",Conversion
78,rizacp,7,14,"538.79 PHP","13,494.53 PHP",Conversion
79,shane2023,"1,709",38,"532.21 PHP","336,023.19 PHP",Conversion
80,vandamcruz,454,29,"523.60 PHP","273,118.85 PHP",Conversion
81,julianamacale,142,12,"523.14 PHP","7,741.00 PHP",Conversion
82,caliclarck1113,14,8,"517.94 PHP","9,344.00 PHP",Conversion
83,chrstnjay,11,4,"505.40 PHP","5,807.00 PHP",Conversion
84,trinidadjoseph15,15,6,"496.11 PHP","5,390.00 PHP",Conversion
85,cheng19,87,27,"495.53 PHP","8,293.87 PHP",Conversion
86,rynniel,5,4,"494.96 PHP","7,501.00 PHP",Conversion
87,reasison31,9,3,"494.24 PHP","12,175.00 PHP",Conversion
88,elqdcstr,22,8,"492.51 PHP","8,577.87 PHP",Conversion
89,princesspanganiban,"1,204",136,"489.81 PHP","53,395.00 PHP",Conversion
90,mamijhaz23,53,12,"485.96 PHP","14,540.00 PHP",Conversion
91,arliederes25,34,15,"481.11 PHP","12,582.00 PHP",Conversion
92,prettyapz,279,61,"468.80 PHP","25,548.00 PHP",Conversion
93,krizielle,41,6,"467.74 PHP","24,475.00 PHP",Conversion
94,cherryleitabangcura,167,9,"459.51 PHP","28,512.00 PHP",Conversion
95,thecenzons,318,2,"458.25 PHP","11,456.31 PHP",Conversion
96,miggyonlineshop,16,12,"457.59 PHP","10,270.00 PHP",Conversion
97,jezaline09,10,4,"454.06 PHP","16,292.00 PHP",Conversion
98,primax03,39,9,"443.80 PHP","14,132.93 PHP",Conversion
99,maeasuncion,43,10,"443.77 PHP","11,902.00 PHP",Conversion
100,shaniamaris,167,35,"441.51 PHP","8,748.55 PHP",Conversion
101,kurtjhaym,35,5,"440.29 PHP","16,188.00 PHP",Conversion
102,lissapalacio,114,15,"435.17 PHP","39,159.11 PHP",Conversion
103,hunter2023,39,9,"432.85 PHP","8,285.00 PHP",Conversion
104,jhing20rjc,63,16,"431.70 PHP","308,890.49 PHP",Conversion
105,ishiizurc,9,1,"430.09 PHP","7,372.00 PHP",Conversion
106,meileen16,286,30,"429.38 PHP","8,301.06 PHP",Conversion
107,heyfrederika,14,5,"428.14 PHP","8,460.00 PHP",Conversion
108,mmdangs,467,38,"427.08 PHP","316,896.16 PHP",Conversion
109,jeanloisb,22,7,"425.21 PHP","21,580.00 PHP",Conversion
110,mjhane10,36,12,"423.04 PHP","6,668.00 PHP",Conversion
111,jzavale,19,7,"421.69 PHP","50,480.00 PHP",Conversion
112,katytan,14,3,"421.40 PHP","14,091.74 PHP",Conversion
113,mimamoh29,61,14,"416.96 PHP","10,877.96 PHP",Conversion
114,rochelle0830,15,10,"416.85 PHP","13,053.00 PHP",Conversion
115,budoldealsofficial,22,13,"416.64 PHP","3,497.00 PHP",Conversion
116,ridzkha,9,10,"414.24 PHP","8,533.00 PHP",Conversion
117,ayecka18,92,17,"412.58 PHP","18,814.00 PHP",Conversion
118,queendivine08,9,7,"411.46 PHP","6,572.00 PHP",Conversion
119,mommycristy,149,14,"406.67 PHP","6,165.74 PHP",Conversion
120,zsopia123,94,19,"406.50 PHP","10,502.18 PHP",Conversion
121,batasyeoj,4,11,"406.17 PHP","7,550.18 PHP",Conversion
122,iamjaderodil,39,17,"404.65 PHP","8,171.53 PHP",Conversion
123,macaren18,19,6,"403.03 PHP","9,047.00 PHP",Conversion
124,mjaromana,105,9,"401.87 PHP","11,725.52 PHP",Conversion
125,jessadomingo,15,3,"400.55 PHP","13,445.34 PHP",Conversion
126,arvy06,26,11,"399.14 PHP","4,796.19 PHP",Conversion
127,ccmshop,81,27,"397.57 PHP","26,843.00 PHP",Conversion
128,lynetzki,27,12,"394.43 PHP","5,669.04 PHP",Conversion
129,grace1285,19,10,"393.83 PHP","12,550.00 PHP",Conversion
130,marjmarc83,205,17,"392.68 PHP","9,048.00 PHP",Conversion
131,carline,18,5,"391.97 PHP","9,907.00 PHP",Conversion
132,heartjhay,49,8,"390.28 PHP","3,191.40 PHP",Conversion
133,badethzky16,5,2,"387.04 PHP","14,451.47 PHP",Conversion
134,ailynp,10,5,"383.81 PHP","9,388.00 PHP",Conversion
135,jonnel0904,"8,267",121,"382.59 PHP","39,344.64 PHP",Conversion
136,draters,566,87,"381.15 PHP","19,446.76 PHP",Conversion
137,charmgb,34,9,"380.88 PHP","7,884.00 PHP",Conversion
138,rosie1401,37,19,"376.88 PHP","6,756.00 PHP",Conversion
139,fritztrish,21,3,"376.81 PHP","8,609.00 PHP",Conversion
140,yhanie,33,16,"376.38 PHP","8,574.47 PHP",Conversion
141,mamidee,72,15,"374.14 PHP","17,098.57 PHP",Conversion
142,hazelannemerle,35,7,"373.64 PHP","6,030.24 PHP",Conversion
143,pixzzie,168,20,"373.10 PHP","6,996.80 PHP",Conversion
144,abigailm08,42,17,"371.59 PHP","7,384.00 PHP",Conversion
145,vhiovienneze09,16,9,"371.57 PHP","8,886.00 PHP",Conversion
146,lhebz4983,27,11,"371.43 PHP","9,340.19 PHP",Conversion
147,sayiiee69,29,5,"371.21 PHP","9,644.00 PHP",Conversion
148,mailyn0108,16,7,"369.87 PHP","8,376.00 PHP",Conversion
149,labeaute18,34,3,"369.27 PHP","9,684.37 PHP",Conversion
150,aprilbaby9318,20,8,"367.61 PHP","21,298.00 PHP",Conversion
151,itsjen08,58,20,"367.05 PHP","12,277.00 PHP",Conversion
152,theresapineda,0,11,"363.35 PHP","8,501.00 PHP",Conversion
153,jnnydrn,16,4,"361.85 PHP","21,307.00 PHP",Conversion
154,bestbuy0nline,4,3,"360.83 PHP","6,755.00 PHP",Conversion
155,elycopter,202,20,"360.57 PHP","8,883.00 PHP",Conversion
156,jodie03,11,10,"360.22 PHP","13,942.00 PHP",Conversion
157,ateprincessanne,140,8,"357.32 PHP","7,549.00 PHP",Conversion
158,rahsnayr25,32,8,"357.14 PHP","4,682.55 PHP",Conversion
159,zzbrickzz,101,3,"355.74 PHP","5,624.00 PHP",Conversion
160,janeebreo01121,12,2,"352.98 PHP","10,709.00 PHP",Conversion
161,themaligayangmillennial,31,5,"351.21 PHP","11,273.27 PHP",Conversion
162,machie01,5,4,"350.62 PHP","7,655.00 PHP",Conversion
163,ghen13,30,6,"349.99 PHP","14,880.00 PHP",Conversion
164,samie05,16,3,"349.84 PHP","6,625.00 PHP",Conversion
165,misistuyay,33,13,"349.59 PHP","12,714.00 PHP",Conversion
166,jolothebudol,21,9,"349.46 PHP","6,614.00 PHP",Conversion
167,everythingonlineshopph,24,5,"349.29 PHP","7,269.00 PHP",Conversion
168,msluck0119,18,10,"347.95 PHP","10,825.00 PHP",Conversion
169,laiguecha,1,1,"347.63 PHP","3,507.00 PHP",Conversion
170,leslie089,34,10,"346.98 PHP","8,575.00 PHP",Conversion
171,wesley16,28,11,"346.52 PHP","10,329.00 PHP",Conversion
172,gracielle89,25,8,"345.43 PHP","6,340.00 PHP",Conversion
173,anderssamfernandez,9,1,"344.23 PHP","8,531.00 PHP",Conversion
174,dangcaliza27,31,11,"342.09 PHP","10,089.09 PHP",Conversion
175,kerry1227,10,7,"341.14 PHP","6,237.44 PHP",Conversion
176,wittybudolph,19,5,"340.04 PHP","7,615.00 PHP",Conversion
177,iamwealthyrich,31,6,"339.61 PHP","5,966.66 PHP",Conversion
178,eunoiasmntcrtz,21,8,"338.25 PHP","4,920.00 PHP",Conversion
179,melaniellemos,137,6,"336.94 PHP","25,573.07 PHP",Conversion
180,marizdm,66,7,"334.80 PHP","15,264.22 PHP",Conversion
181,cartaddictsph,11,8,"334.55 PHP","6,353.00 PHP",Conversion
182,dwarterion10,6,4,"329.14 PHP","4,534.38 PHP",Conversion
183,arkitekrechelle,"3,224",38,"328.68 PHP","24,017.73 PHP",Conversion
184,mommyrosevlog5,107,36,"328.14 PHP","19,820.00 PHP",Conversion
185,ettezus18,32,13,"326.89 PHP","9,758.00 PHP",Conversion
186,via1023,59,7,"326.41 PHP","6,057.00 PHP",Conversion
187,ehmcee1992,491,29,"325.23 PHP","89,704.92 PHP",Conversion
188,madamdigger,"1,690",46,"323.82 PHP","17,273.87 PHP",Conversion
189,jrsarion021917,42,10,"323.60 PHP","10,954.00 PHP",Conversion
190,yenshen21,215,13,"323.26 PHP","12,447.00 PHP",Conversion
191,nmastud15,72,23,"321.86 PHP","8,435.00 PHP",Conversion
192,jinx143,12,7,"320.99 PHP","3,980.63 PHP",Conversion
193,ronqera,49,15,"317.37 PHP","7,404.28 PHP",Conversion
194,joyce0917,83,14,"317.36 PHP","10,817.49 PHP",Conversion
195,gracielicious27,17,4,"316.33 PHP","7,662.00 PHP",Conversion
196,louijene,673,27,"316.12 PHP","269,077.71 PHP",Conversion
197,nessdizon,37,10,"314.03 PHP","7,479.00 PHP",Conversion
198,almie25,2,1,"313.15 PHP","6,694.00 PHP",Conversion
199,diannemurillo,147,11,"312.24 PHP","10,641.51 PHP",Conversion
200,sam0621,11,5,"311.75 PHP","18,908.61 PHP",Conversion
201,jinkyadrineda08,9,3,"311.07 PHP","4,807.92 PHP",Conversion
202,balmona,11,5,"310.78 PHP","4,226.00 PHP",Conversion
203,acgadgethub,22,8,"309.97 PHP","6,689.63 PHP",Conversion
204,wena09,40,15,"309.90 PHP","8,874.27 PHP",Conversion
205,mycyla,126,10,"308.74 PHP","11,830.00 PHP",Conversion
206,xienjie18,41,4,"308.14 PHP","6,554.00 PHP",Conversion
207,nesmae04,14,8,"308.11 PHP","6,585.00 PHP",Conversion
208,centrodebelleza,17,7,"307.32 PHP","7,477.00 PHP",Conversion
209,zebby016,14,8,"307.31 PHP","4,112.00 PHP",Conversion
210,mommyjoylyn017,36,8,"307.06 PHP","18,345.00 PHP",Conversion
211,fanermarkk,12,7,"304.27 PHP","6,317.94 PHP",Conversion
212,akkyn016,159,15,"304.16 PHP","16,274.23 PHP",Conversion
213,kimronolo,"3,309",75,"303.45 PHP","16,775.69 PHP",Conversion
214,anamark121621,38,2,"302.84 PHP","5,683.00 PHP",Conversion
215,jhayeannemyr18,12,3,"302.13 PHP","4,990.00 PHP",Conversion
216,gero07,10,9,"301.82 PHP","3,729.61 PHP",Conversion
217,cherriesb0530,17,5,"300.44 PHP","6,103.00 PHP",Conversion
218,xianjami,1,1,"300.20 PHP","2,091.28 PHP",Conversion
219,jsmnbcdd,37,13,"298.21 PHP","8,720.00 PHP",Conversion
220,kameyyn,17,8,"296.09 PHP","5,564.00 PHP",Conversion
221,tierrarose,38,12,"293.86 PHP","3,341.21 PHP",Conversion
222,insanenatics,8,3,"291.90 PHP","3,807.00 PHP",Conversion
223,seann100291,6,4,"291.12 PHP","9,047.00 PHP",Conversion
224,itsmeaira,12,8,"290.70 PHP","15,067.00 PHP",Conversion
225,ralphbubx,45,11,"289.11 PHP","26,399.00 PHP",Conversion
226,betchay0715,164,17,"286.64 PHP","3,863.59 PHP",Conversion
227,jasminrupisan,20,5,"286.28 PHP","4,879.64 PHP",Conversion
228,zhannisi,608,28,"286.10 PHP","7,655.23 PHP",Conversion
229,jhennybee,19,10,"283.97 PHP","6,682.87 PHP",Conversion
230,jenniza14,25,12,"283.39 PHP","5,198.30 PHP",Conversion
231,garnym,32,15,"282.92 PHP","7,818.37 PHP",Conversion
232,aptordil19,49,9,"282.39 PHP","8,354.00 PHP",Conversion
233,crestin31,12,4,"282.30 PHP","5,339.00 PHP",Conversion
234,jhenveynicx,6,4,"280.37 PHP","4,779.00 PHP",Conversion
235,kaize0220,104,24,"279.37 PHP","7,717.00 PHP",Conversion
236,jeyalius,11,6,"278.46 PHP","2,655.28 PHP",Conversion
237,bhaby27,15,3,"277.61 PHP","3,912.00 PHP",Conversion
238,zayin012217,3,3,"277.55 PHP","4,247.00 PHP",Conversion
239,daylelou,17,3,"277.02 PHP","3,671.00 PHP",Conversion
240,tindera11,14,7,"276.86 PHP","6,277.47 PHP",Conversion
241,lacolleccion,90,14,"276.24 PHP","4,175.00 PHP",Conversion
242,28jham,190,14,"276.05 PHP","5,759.00 PHP",Conversion
243,gelayreponte,80,11,"274.48 PHP","5,586.00 PHP",Conversion
244,mayerp07,13,5,"272.18 PHP","10,089.00 PHP",Conversion
245,misterdee121821,"4,750",9,"271.86 PHP","10,837.03 PHP",Conversion
246,potpot3120,9,2,"270.34 PHP","3,227.00 PHP",Conversion
247,blinks123,19,12,"269.36 PHP","9,398.00 PHP",Conversion
248,princesstallara,56,10,"269.01 PHP","20,969.00 PHP",Conversion
249,ricapaderon,24,2,"267.13 PHP","12,240.00 PHP",Conversion
250,jhoidemaangay,2,1,"266.54 PHP","13,030.00 PHP",Conversion
251,mommyherra,96,7,"266.05 PHP","4,105.00 PHP",Conversion
252,lilacpurps,20,5,"265.58 PHP","11,543.00 PHP",Conversion
253,nashmagz26,14,9,"265.21 PHP","4,509.43 PHP",Conversion
254,ghelbautista27,165,12,"265.00 PHP","4,876.29 PHP",Conversion
255,ashcoroza23,20,15,"264.92 PHP","5,072.00 PHP",Conversion
256,megangraceuru1015,74,4,"264.78 PHP","4,136.54 PHP",Conversion
257,aizmadrid,13,5,"264.16 PHP","3,869.46 PHP",Conversion
258,pearlmharp,18,8,"263.92 PHP","4,202.00 PHP",Conversion
259,millienami,15,15,"263.84 PHP","7,125.00 PHP",Conversion
260,kiddiebai32,1,1,"263.29 PHP","2,652.00 PHP",Conversion
261,schatz01,73,14,"262.99 PHP","3,678.73 PHP",Conversion
262,fritzier,31,6,"262.93 PHP","4,990.00 PHP",Conversion
263,jiahxu,11,3,"262.41 PHP","4,657.00 PHP",Conversion
264,kristhine24,46,9,"262.15 PHP","6,466.00 PHP",Conversion
265,mariaselina,32,9,"261.66 PHP","6,582.00 PHP",Conversion
266,arielll29,15,5,"261.57 PHP","5,105.00 PHP",Conversion
267,ramosjessalyn07,26,19,"260.97 PHP","8,144.00 PHP",Conversion
268,lyrafmarcelo,8,4,"260.81 PHP","6,840.37 PHP",Conversion
269,edenmarteja,26,11,"259.25 PHP","6,918.00 PHP",Conversion
270,shellysaquilon,14,3,"258.92 PHP","2,587.00 PHP",Conversion
271,cocochanel,21,11,"258.55 PHP","4,679.00 PHP",Conversion
272,karla2300,24,8,"258.37 PHP","6,350.00 PHP",Conversion
273,joyeesh,4,7,"258.16 PHP","4,740.00 PHP",Conversion
274,joymercado25,33,5,"255.71 PHP","3,245.00 PHP",Conversion
275,winterrms,53,15,"254.72 PHP","7,567.00 PHP",Conversion
276,ghenbaat18,20,6,"254.08 PHP","7,230.00 PHP",Conversion
277,annvtiousss,52,6,"253.41 PHP","3,665.45 PHP",Conversion
278,honeybunch08,22,8,"253.31 PHP","4,303.00 PHP",Conversion
279,jenny171997,16,10,"253.14 PHP","6,258.00 PHP",Conversion
280,09350849338,52,10,"253.11 PHP","3,023.11 PHP",Conversion
281,shelhiza79,196,19,"252.57 PHP","12,001.24 PHP",Conversion
282,jkmm29,6,2,"251.80 PHP","83,682.46 PHP",Conversion
283,tessnabor113,17,6,"251.23 PHP","3,405.61 PHP",Conversion
284,fjclay,16,3,"251.18 PHP","7,446.00 PHP",Conversion
285,woonrein,8,5,"249.93 PHP","2,995.00 PHP",Conversion
286,mommymhegz1015,19,5,"249.39 PHP","1,967.00 PHP",Conversion
287,bubblyhowhow,19,1,"247.97 PHP","1,968.00 PHP",Conversion
288,samanthaandallon,27,7,"247.91 PHP","6,433.00 PHP",Conversion
289,mommyrockininstyle,16,8,"246.39 PHP","5,951.00 PHP",Conversion
290,forkecho0516,12,4,"245.11 PHP","2,521.00 PHP",Conversion
291,shopeerecoms,286,41,"244.64 PHP","41,492.00 PHP",Conversion
292,angelove10,68,26,"244.61 PHP","8,016.00 PHP",Conversion
293,jbchic123,30,6,"243.90 PHP","13,184.00 PHP",Conversion
294,yasumie,27,6,"243.67 PHP","4,061.00 PHP",Conversion
295,carlajeane09,689,25,"243.07 PHP","4,623.94 PHP",Conversion
296,gresya11,3,3,"242.65 PHP","4,792.00 PHP",Conversion
297,jay251984,7,1,"242.49 PHP","2,383.00 PHP",Conversion
298,azzie13,265,15,"242.32 PHP","3,235.50 PHP",Conversion
299,jemcb29,14,6,"240.09 PHP","5,549.35 PHP",Conversion
300,christy07,4,1,"240.04 PHP","5,099.00 PHP",Conversion
301,lushfindsph,12,4,"239.70 PHP","5,426.82 PHP",Conversion
302,kiampalomares,23,8,"239.67 PHP","7,611.00 PHP",Conversion
303,mendozajanet0517,2,1,"239.13 PHP","2,855.00 PHP",Conversion
304,vyvlmntply,19,8,"239.01 PHP","4,760.00 PHP",Conversion
305,opzkelly,69,9,"238.37 PHP","3,431.24 PHP",Conversion
306,kingjl,15,7,"237.66 PHP","6,138.00 PHP",Conversion
307,shrmnjypyr,4,3,"236.84 PHP","3,924.00 PHP",Conversion
308,sherlisa022414,22,10,"235.42 PHP","4,178.00 PHP",Conversion
309,charmkhate,23,9,"235.39 PHP","4,738.00 PHP",Conversion
310,emcee28,20,7,"234.44 PHP","3,740.00 PHP",Conversion
311,patriciapayumo,17,3,"233.90 PHP","3,290.00 PHP",Conversion
312,zeanpsalmyrrh08,65,10,"233.81 PHP","5,041.00 PHP",Conversion
313,weya1002,21,5,"233.69 PHP","4,232.00 PHP",Conversion
314,majo8923,24,11,"233.48 PHP","4,871.00 PHP",Conversion
315,cornybaker,4,3,"233.36 PHP","1,987.47 PHP",Conversion
316,hr101823,13,5,"233.01 PHP","5,300.00 PHP",Conversion
317,klovella,10,6,"232.81 PHP","5,679.00 PHP",Conversion
318,kabayanrice,28,10,"231.74 PHP","14,273.66 PHP",Conversion
319,luningning8,6,4,"231.49 PHP","3,760.00 PHP",Conversion
320,rose081912,36,3,"229.55 PHP","3,375.00 PHP",Conversion
321,peach06753,32,26,"229.48 PHP","6,712.00 PHP",Conversion
322,rexuz007,186,13,"228.99 PHP","26,458.32 PHP",Conversion
323,jephy19,16,9,"228.80 PHP","3,570.00 PHP",Conversion
324,iamditzkie1234,37,3,"228.78 PHP","4,001.16 PHP",Conversion
325,jrosell164,39,11,"228.55 PHP","4,186.00 PHP",Conversion
326,silentbutterfly28,71,10,"228.54 PHP","7,721.00 PHP",Conversion
327,rjoys9229,7,4,"228.35 PHP","6,162.00 PHP",Conversion
328,tintinity,3,3,"228.27 PHP","4,530.00 PHP",Conversion
329,nice1991,8,2,"227.92 PHP","3,584.00 PHP",Conversion
330,yanahcute,158,12,"227.66 PHP","167,851.53 PHP",Conversion
331,lennybethlacaben,14,7,"224.72 PHP","5,915.30 PHP",Conversion
332,emj198913,16,8,"224.68 PHP","5,545.00 PHP",Conversion
333,fearnobit,12,4,"224.48 PHP","2,154.69 PHP",Conversion
334,isurrender26,7,4,"224.37 PHP","7,129.00 PHP",Conversion
335,sheilamariesalvadora,56,9,"224.20 PHP","4,524.43 PHP",Conversion
336,chercris,10,4,"220.88 PHP","6,576.00 PHP",Conversion
337,jesseca16,553,33,"220.86 PHP","20,741.98 PHP",Conversion
338,raprap7788,27,1,"220.65 PHP","2,535.00 PHP",Conversion
339,loretacalong,67,9,"220.18 PHP","134,634.66 PHP",Conversion
340,ianedrian,43,11,"220.02 PHP","6,441.00 PHP",Conversion
341,mariaangela029,19,6,"219.61 PHP","1,783.00 PHP",Conversion
342,dadingt,15,2,"219.58 PHP","2,384.00 PHP",Conversion
343,onachera,27,11,"219.56 PHP","2,661.61 PHP",Conversion
344,kimmywithjin,19,9,"219.33 PHP","6,847.00 PHP",Conversion
345,charlynluzia18,2,8,"218.30 PHP","4,158.00 PHP",Conversion
346,esiulyram,17,2,"218.05 PHP","3,330.00 PHP",Conversion
347,kimdarv,8,6,"217.94 PHP","3,386.00 PHP",Conversion
348,ihao21,21,6,"217.55 PHP","7,245.00 PHP",Conversion
349,mcghileon,35,8,"217.03 PHP","2,555.28 PHP",Conversion
350,jelainesoliman,31,1,"216.18 PHP","3,837.00 PHP",Conversion
351,parcutilarose,26,7,"216.03 PHP","4,532.00 PHP",Conversion
352,armieancog,4,2,"215.26 PHP","3,890.00 PHP",Conversion
353,kriscoz,36,7,"213.96 PHP","5,169.00 PHP",Conversion
354,mariareyna,4,8,"213.11 PHP","215,729.00 PHP",Conversion
355,moniquesilva,6,3,"212.67 PHP","6,136.53 PHP",Conversion
356,tipidbuddyph,25,10,"212.31 PHP","4,209.00 PHP",Conversion
357,lacquin15,31,5,"212.15 PHP","3,767.47 PHP",Conversion
358,christieannedrb,11,10,"211.79 PHP","4,310.00 PHP",Conversion
359,gilynbarroga,4,2,"211.68 PHP","3,287.00 PHP",Conversion
360,moomalyng,122,8,"211.08 PHP","6,387.00 PHP",Conversion
361,mabelc102417mj,58,4,"210.91 PHP","3,885.00 PHP",Conversion
362,letshoptogether,58,4,"210.61 PHP","3,037.00 PHP",Conversion
363,meapaterno,8,1,"210.47 PHP","3,038.00 PHP",Conversion
364,charisse141992,1,1,"210.37 PHP","3,199.00 PHP",Conversion
365,sestra,43,11,"209.83 PHP","10,484.39 PHP",Conversion
366,mrslagansua08,28,10,"209.71 PHP","6,192.00 PHP",Conversion
367,marjyuzon,15,9,"209.54 PHP","3,459.00 PHP",Conversion
368,akosikafoodie2,452,10,"209.17 PHP","3,485.30 PHP",Conversion
369,glebmallapre,16,4,"208.14 PHP","5,195.00 PHP",Conversion
370,banggizmos,194,6,"207.83 PHP","5,975.06 PHP",Conversion
371,kaydendalmacio,24,6,"207.27 PHP","2,663.81 PHP",Conversion
372,nyxxnaxx,11,5,"205.33 PHP","4,038.00 PHP",Conversion
373,madebyyou,2,1,"204.44 PHP","3,407.34 PHP",Conversion
374,ailene0404,13,7,"203.02 PHP","1,905.94 PHP",Conversion
375,viraltvshop,80,7,"201.97 PHP","3,546.06 PHP",Conversion
376,maryannnicolas,12,8,"201.39 PHP","3,301.30 PHP",Conversion
377,vilbarj0516,8,7,"201.25 PHP","2,650.00 PHP",Conversion
378,mommagieembe,4,3,"200.69 PHP","2,942.27 PHP",Conversion
379,jabjulietbutlig715,3,1,"200.67 PHP","2,458.00 PHP",Conversion
380,jhayzellyn27,58,8,"199.88 PHP","2,078.13 PHP",Conversion
381,jomartmacalla,68,2,"199.87 PHP","4,026.00 PHP",Conversion
382,jennasobrevilla,28,17,"199.49 PHP","3,450.00 PHP",Conversion
383,lance29,112,4,"199.47 PHP","6,598.62 PHP",Conversion
384,ubenatalie,35,15,"199.38 PHP","5,742.00 PHP",Conversion
385,rizgarcia,5,4,"199.30 PHP","7,775.00 PHP",Conversion
386,kimmy022019,26,10,"199.18 PHP","4,170.00 PHP",Conversion
387,lengwa28,46,9,"199.12 PHP","6,005.00 PHP",Conversion
388,raqz73,2,6,"198.59 PHP","2,936.80 PHP",Conversion
389,remelyn26,41,5,"198.28 PHP","3,789.00 PHP",Conversion
390,elmzcerame,11,3,"198.26 PHP","3,233.00 PHP",Conversion
391,ajadragons,14,5,"197.72 PHP","4,788.00 PHP",Conversion
392,princessfaith,67,7,"197.16 PHP","5,750.64 PHP",Conversion
393,abdondanlagfamily23,153,12,"196.84 PHP","3,956.75 PHP",Conversion
394,roar21,11,4,"196.16 PHP","2,816.60 PHP",Conversion
395,flaveldg,20,9,"196.14 PHP","5,540.00 PHP",Conversion
396,jellyjoy10,10,2,"196.14 PHP","4,514.00 PHP",Conversion
397,aaayheniee1996,29,6,"196.06 PHP","3,174.00 PHP",Conversion
398,ralyn1021,13,11,"195.95 PHP","6,554.00 PHP",Conversion
399,marideleon,13,7,"195.63 PHP","5,401.00 PHP",Conversion
400,joyce14,16,10,"195.59 PHP","5,351.00 PHP",Conversion
401,atuer1004,147,20,"195.00 PHP","3,468.76 PHP",Conversion
402,hellodocmomsh,21,8,"194.80 PHP","4,017.16 PHP",Conversion
403,totodc88,21,12,"194.25 PHP","7,484.00 PHP",Conversion
404,tcaeluzano,18,4,"194.07 PHP","5,670.71 PHP",Conversion
405,aisonpagarigan,52,16,"193.90 PHP","4,050.34 PHP",Conversion
406,stella0612,25,9,"193.89 PHP","4,099.15 PHP",Conversion
407,sammhea,7,1,"193.60 PHP","3,071.00 PHP",Conversion
408,sharonrose,14,8,"193.21 PHP","6,316.00 PHP",Conversion
409,shopeebudolfinds146,19,9,"193.01 PHP","7,980.75 PHP",Conversion
410,gcfalconaya,6,2,"192.51 PHP","2,247.00 PHP",Conversion
411,herlynda,80,14,"192.07 PHP","4,372.00 PHP",Conversion
412,andrea071089,5,3,"191.94 PHP","1,615.62 PHP",Conversion
413,gelbernardo,25,8,"191.91 PHP","5,090.00 PHP",Conversion
414,dhicey26,55,13,"191.09 PHP","4,453.00 PHP",Conversion
415,itsmeledie,13,7,"191.07 PHP","3,885.00 PHP",Conversion
416,megfgrn,7,6,"190.94 PHP","3,243.87 PHP",Conversion
417,mrkelzr,49,10,"189.79 PHP","5,780.00 PHP",Conversion
418,jarace,26,7,"189.43 PHP","2,294.85 PHP",Conversion
419,antonette923,115,9,"189.33 PHP","3,353.00 PHP",Conversion
420,cristymetolete03,22,4,"188.91 PHP","7,674.00 PHP",Conversion
421,hayzlrsierra,32,13,"188.86 PHP","4,925.00 PHP",Conversion
422,virnametillo1,6,6,"188.58 PHP","5,560.10 PHP",Conversion
423,rahmahdimaongun,29,9,"188.43 PHP","3,172.25 PHP",Conversion
424,kilestial,1,4,"188.04 PHP","4,539.00 PHP",Conversion
425,ahby0830,27,3,"187.97 PHP","2,484.00 PHP",Conversion
426,dithcabello020,9,4,"187.62 PHP","4,552.79 PHP",Conversion
427,ugcjeanlo,73,13,"187.14 PHP","3,486.00 PHP",Conversion
428,noggintv,17,7,"187.10 PHP","2,362.55 PHP",Conversion
429,cindy12345,54,7,"186.52 PHP","9,036.86 PHP",Conversion
430,marviane,47,10,"186.40 PHP","3,506.00 PHP",Conversion
431,chilet,32,26,"185.88 PHP","9,547.00 PHP",Conversion
432,jaidavlogss,4,5,"185.54 PHP","2,797.48 PHP",Conversion
433,gelliloves0308,13,2,"185.07 PHP","2,443.00 PHP",Conversion
434,jhuchie,14,8,"185.05 PHP","8,344.00 PHP",Conversion
435,arvie2323,5,3,"184.80 PHP","3,111.00 PHP",Conversion
436,ngerome031,13,2,"184.59 PHP","9,266.06 PHP",Conversion
437,majesticaffiliates,27,18,"184.34 PHP","4,299.00 PHP",Conversion
438,frouline,14,7,"183.56 PHP","2,821.00 PHP",Conversion
439,joyceecrz,12,5,"182.25 PHP","3,481.00 PHP",Conversion
440,iamlher9,12,5,"181.71 PHP","5,846.00 PHP",Conversion
441,vinadeebalanga,6,1,"181.69 PHP","4,833.39 PHP",Conversion
442,dwinx2024,19,4,"181.14 PHP","3,688.00 PHP",Conversion
443,jonalyn2024,20,9,"180.39 PHP","3,748.00 PHP",Conversion
444,rizasaromines,27,5,"180.16 PHP","4,247.00 PHP",Conversion
445,ljsa24,19,5,"178.99 PHP","3,392.00 PHP",Conversion
446,sheilalalalabss,11,6,"178.99 PHP","10,458.05 PHP",Conversion
447,bambajp,215,25,"178.77 PHP","17,158.00 PHP",Conversion
448,gamitnasulit101,7,4,"178.67 PHP","5,654.50 PHP",Conversion
449,carmsprosperity,13,3,"178.63 PHP","1,716.04 PHP",Conversion
450,wowee31,36,23,"178.52 PHP","6,304.00 PHP",Conversion
451,ienbabe,41,10,"178.48 PHP","7,480.00 PHP",Conversion
452,honzkey24,8,12,"178.00 PHP","4,123.00 PHP",Conversion
453,fernan,57,1,"177.94 PHP","4,708.26 PHP",Conversion
454,blessedjoy,9,4,"177.73 PHP","21,109.00 PHP",Conversion
455,gelaituppil20,23,9,"177.68 PHP","3,019.00 PHP",Conversion
456,maryres,37,7,"177.55 PHP","9,184.00 PHP",Conversion
457,angelicannueva,33,6,"177.17 PHP","4,347.00 PHP",Conversion
458,mariaconip,26,8,"177.10 PHP","3,431.00 PHP",Conversion
459,edlynperez29,26,8,"176.79 PHP","6,436.00 PHP",Conversion
460,ericapucio,305,67,"176.75 PHP","18,043.00 PHP",Conversion
461,ruschelynliday,11,7,"176.69 PHP","5,081.45 PHP",Conversion
462,kingamaziah,12,7,"176.64 PHP","6,397.00 PHP",Conversion
463,berlinmae,27,6,"176.48 PHP","4,626.00 PHP",Conversion
464,twinsarry,6,3,"176.19 PHP","1,538.00 PHP",Conversion
465,princessamirah08,12,4,"176.05 PHP","7,038.82 PHP",Conversion
466,makeupscienceasia,433,6,"175.87 PHP","3,160.57 PHP",Conversion
467,jobellegecha,21,6,"175.33 PHP","2,694.17 PHP",Conversion
468,rechelleisaga,17,3,"175.24 PHP","3,193.00 PHP",Conversion
469,gladymae,2,1,"174.96 PHP","1,944.00 PHP",Conversion
470,josephalindada,5,4,"174.50 PHP","4,261.00 PHP",Conversion
471,eiynafelizzza,16,5,"174.36 PHP","3,169.00 PHP",Conversion
472,annaaballe123,107,11,"174.32 PHP","19,924.85 PHP",Conversion
473,zenfinds,34,13,"174.01 PHP","7,122.00 PHP",Conversion
474,jessie723,31,7,"173.92 PHP","3,646.00 PHP",Conversion
475,mommyyukivlog,3,3,"173.78 PHP","6,102.00 PHP",Conversion
476,sweetiie29,32,6,"173.35 PHP","2,962.00 PHP",Conversion
477,jhowy19,5,2,"172.94 PHP","4,040.36 PHP",Conversion
478,daisy1205,2,2,"172.69 PHP","4,271.00 PHP",Conversion
479,markjustme11,9,3,"172.21 PHP","2,486.00 PHP",Conversion
480,eulayah,23,17,"172.13 PHP","4,234.00 PHP",Conversion
481,blandocamilleanne9,20,1,"172.00 PHP","11,275.42 PHP",Conversion
482,jamesblue1,7,6,"171.81 PHP","2,620.00 PHP",Conversion
483,thatsmikka,234,15,"171.71 PHP","9,249.00 PHP",Conversion
484,joanpot31,3,2,"171.56 PHP","7,471.00 PHP",Conversion
485,teresa.lomboy,164,14,"170.74 PHP","4,224.00 PHP",Conversion
486,aidarecos,197,17,"170.27 PHP","3,815.00 PHP",Conversion
487,marielhue,65,11,"170.20 PHP","1,687.73 PHP",Conversion
488,hazelnutsza,4,4,"169.76 PHP","9,294.00 PHP",Conversion
489,coloredkart,11,4,"169.63 PHP","7,275.00 PHP",Conversion
490,myra0207,2,2,"169.25 PHP","3,440.00 PHP",Conversion
491,raechellereyestolentino,52,6,"168.98 PHP","3,192.00 PHP",Conversion
492,9magadj,45,7,"168.90 PHP","3,539.00 PHP",Conversion
493,rmsboutique,33,8,"168.82 PHP","4,155.00 PHP",Conversion
494,rerepogi,28,5,"168.36 PHP","3,735.00 PHP",Conversion
495,mafejane,4,1,"168.04 PHP","3,779.00 PHP",Conversion
496,anzkhie26,41,6,"167.96 PHP","9,111.00 PHP",Conversion
497,madeleine0129,26,9,"167.81 PHP","2,800.00 PHP",Conversion
498,triz1968,19,6,"167.70 PHP","3,616.72 PHP",Conversion
499,jnnmtch,4,4,"167.31 PHP","3,582.00 PHP",Conversion
